Position, Company, Location, URL
(주)누리기술 신입 및 경력 프로그래머 (C++, Python),누리기술,대구 수성구,https://kr.indeed.com/rc/clk?jk=9fb1bf156c419110&fccid=6bb693f7d22f2adc&vjs=3
Position, Company, Location, URL
Python 기반 빅데이터 처리 개발자,드림어스컴퍼니,서울 서초구,https://kr.indeed.com/rc/clk?jk=d364360d1e0368e3&fccid=d5dc18a57ad82f07&vjs=3
Position, Company, Location, URL
전문연구요원 (병역특례) 수시 (AI / HW 분야),딥엑스,성남 분당구,https://kr.indeed.com/rc/clk?jk=78e99625e5de3c95&fccid=e34932b8232a173b&vjs=3
Position, Company, Location, URL
리서치 인턴직 연구원,리서치앤유,서울 성동구,https://kr.indeed.com/rc/clk?jk=4d7550227b4d084c&fccid=7c977224f6d09f7d&vjs=3
Position, Company, Location, URL
서버 개발 및 관리자(Python 사용가능자),하가,경상북도 경산,https://kr.indeed.com/rc/clk?jk=2dc2a275a0209ef6&fccid=aa11023cc66bb11b&vjs=3
Position, Company, Location, URL
서버 개발 및 관리자(Python 사용가능자),다중지능연구소,서울 동작구,https://kr.indeed.com/rc/clk?jk=8884fd15dde76635&fccid=01d681c067511eef&vjs=3
Position, Company, Location, URL
AI/빅데이터 데이터분석(석,박사) (양재역),시니어앤파트너즈,서울 서초구,https://kr.indeed.com/rc/clk?jk=a2c96d1b99630c56&fccid=59060ddcdf96b101&vjs=3
Position, Company, Location, URL
파이썬 백엔드 개발자 (Python Backend Engineer),휴레이포지티브,서울 강남구,https://kr.indeed.com/rc/clk?jk=730d15c6dd640481&fccid=9f7671105b7ffbe3&vjs=3
Position, Company, Location, URL
누리기술 C++, Python 소프트웨어 개발자,누리기술,대구 달서구,https://kr.indeed.com/rc/clk?jk=54bb5fbf65c6db73&fccid=6bb693f7d22f2adc&vjs=3
Position, Company, Location, URL
C# S/W 개발자 or Python 응용 S/W 개발(사원주임대리과장,제스엔지니어링,서울 금천구,https://kr.indeed.com/rc/clk?jk=37df5ae012725ae2&fccid=0f2f8141103a3f4e&vjs=3
Position, Company, Location, URL
[선행기술원] Virtual검증 _ 검증/해석[책임연구원],현대자동차그룹,성남 판교역,https://kr.indeed.com/rc/clk?jk=0d571c647c477c68&fccid=980d6ecc399a3373&vjs=3
Position, Company, Location, URL
[PPM솔루션 클로바인] 연구소 IT 테크 직군 운영관리 개발자,헤븐트리,대구 수성구,https://kr.indeed.com/rc/clk?jk=6916bd41820052e9&fccid=81880cb2b512246a&vjs=3
Position, Company, Location, URL
데이터 사이언티스트 (인턴),두나무,서울 강남구,https://kr.indeed.com/rc/clk?jk=e9aa4f44799a6caa&fccid=6723a9d496e46445&vjs=3
Position, Company, Location, URL
한국행동과학연구소 각 부문 수시,한국행동과학연구소,서울 강남구,https://kr.indeed.com/rc/clk?jk=287a2f9783758916&fccid=bfea989faf5bd4e4&vjs=3
Position, Company, Location, URL
2022년도 하반기 비정규직(계약직연구원, 연수연구원) 공개,한국해양과학기술원 부설 선박해양플랜트연구소,대전 유성구,https://kr.indeed.com/rc/clk?jk=42d3df0a11113e96&fccid=96ad9a9363d82eb2&vjs=3
Position, Company, Location, URL
Senior Python Engineer: Long-term job - 100% remote,Proxify AB,Anywhere in the World,https://weworkremotely.com/remote-jobs/proxify-ab-senior-python-engineer-long-term-job-100-remote
Position, Company, Location, URL
Python Developer,RemoteMore,Americas Only/Europe Only/EMEA Only/Africa Only,https://weworkremotely.com/remote-jobs/remotemore-python-developer-5
Position, Company, Location, URL
Senior Full Stack Engineer (Node.js  Python),Weflow,Europe Only,https://weworkremotely.com/remote-jobs/weflow-senior-full-stack-engineer-node-js-python
Position, Company, Location, URL
Senior Open Source Developer & DevOps (Python  Django  React  AWS/OpenStack),OpenCraft,Anywhere in the World,https://weworkremotely.com/remote-jobs/opencraft-senior-open-source-developer-devops-python-django-react-aws-openstack
Position, Company, Location, URL
(Senior) Python Full Stack Software Developer,Optimile,Europe Only,https://weworkremotely.com/remote-jobs/optimile-senior-python-full-stack-software-developer
Position, Company, Location, URL
Senior Python Developer - Full Remote ,Ebury,Latin America Only/Europe Only,https://weworkremotely.com/remote-jobs/ebury-senior-python-developer-full-remote-1
Position, Company, Location, URL
Python Developer - Remote,UpStack Technologies  Inc.,Americas Only/Europe Only,https://weworkremotely.com/remote-jobs/upstack-technologies-inc-python-developer-remote
Position, Company, Location, URL
Python Developer,Lemon.io,Latin America Only/Europe Only/Canada Only,https://weworkremotely.com/remote-jobs/lemon-io-python-developer-2
Position, Company, Location, URL
Senior Backend Engineer (Python),TestGorilla,Anywhere in the World,https://weworkremotely.com/remote-jobs/testgorilla-senior-backend-engineer-python-8
Position, Company, Location, URL
C++ / Python Developer,Flightradar24,EMEA Only,https://weworkremotely.com/remote-jobs/flightradar24-cpp-python-developer-1
Position, Company, Location, URL
Senior Software Engineer  Python,AssemblyAI (YC 17),Anywhere in the World,https://weworkremotely.com/remote-jobs/assemblyai-yc-17-senior-software-engineer-python
Position, Company, Location, URL
Senior Software Engineer - Python / Django,CloudTruth,Anywhere in the World,https://weworkremotely.com/remote-jobs/cloudtruth-senior-software-engineer-python-django
Position, Company, Location, URL
Python Platform Engineer,Doximity,Americas Only,https://weworkremotely.com/remote-jobs/doximity-python-platform-engineer
